brand,sub_brand,model,model_code,series,generation,shape,length_inches,width_inches,grip_length_inches,grip_circumference_inches,core_thickness_mm,average_weight_oz_min,average_weight_oz_max,swing_weight_min,swing_weight_max,twist_weight_min,twist_weight_max,surface_material,core_material,construction,paddle_type,spin_texture,grip_type,edgeguard,technology,player_level,playing_style,current_price,compare_at_price,warranty,color_options,includes,usa_pickleball_approved,pbcor_rating,available,introduction_date,product_url,last_updated
Honolulu Pickleball Company,,Sword & Shield J1H,J1H,,,,16.5,7.5,5.75,4.125,16,8.1,8.8,120,124,6.67,6.85,PROPRIETARY RAW COMPOSITE MATERIAL (EXTRA POWER AND POP),Premium Polypropylene,Thermocompression forming with perimeter-balanced design,Elongated,,,,Dynamic PowerFlex Technology™,Aggressive advance beginners through professional-level players,For players who are looking for more control and power,165.00,,6 months,Gray,Premium waterproof cover with hanging clip,true,,,,https://808pickle.com/products/sword-shield-j1h,2026-02-03
Honolulu Pickleball Company,,Sword & Shield J2,J2,,,,16.2,7.8,5.5,4.125,16,7.9,8.1,112,114,6.63,7.03,PREMIUM JAPANESE RAW T700 TORAY CARBON FIBER,PREMIUM POLYPROPYLENE,THERMOCOMPOSITION FORMING - PERIMETER BALANCED,Aero Hybrid Plus Shape,,,,Connected Reflex Technology™,Average beginners to pro-level players,"Designed for those seeking faster hand speed with enhanced power, spin, and control",145.00,,6 months,"Gray, White, Black",Premium waterproof cover with hanging clip,true,,,,https://808pickle.com/products/sword-shield-j2,2026-02-03
Honolulu Pickleball Company,,Sword & Shield J2FC+,J2FC+,,Gen 4.5,,16.2,7.8,5.5,4.125,16,8.0,8.3,110,114,7.0,7.0,Carbon fiber,Multi-density foam,Multi-density all foam pivoting core,Aero Hybrid Plus Shape (Improved),,,,Connected Reflex Technology™,Advanced beginners to pro-level players,"Faster hand speed, enhanced power, spin, large sweet spot, and control",195.00,,12 months,Black,Premium waterproof cover with hanging clip,true,,,,https://808pickle.com/products/sword-shield-j2fc-plus,2026-02-03
Honolulu Pickleball Company,,Sword & Shield J2H,J2H,,,,16.2,7.8,5.5,4.125,16,8.0,8.2,116,116,7.06,7.06,PROPRIETARY RAW COMPOSITE MATERIAL (EXTRA POWER AND POP),Premium Polypropylene,THERMOCOMPRESSION FORMING - PERIMETER BALANCED,Aero Hybrid Plus Shape,,,,Connected Reflex Technology™,Average beginners to pro-level players,"Faster hand speed, enhanced power, spin, and control",145.00,,6 months,,Premium waterproof cover with hanging clip,true,,,,https://808pickle.com/products/sword-shield-j2h-super-sale,2026-02-03
Honolulu Pickleball Company,,Sword & Shield J2H+,J2H+,,,,16.2,7.8,5.5,4.125,16,8.0,8.2,113,115,7.0,7.0,Proprietary Raw Composite Material (Extra Power and Pop) FCC,Premium Polypropylene,Thermocompression Forming - Perimeter Balanced Dual Foam Edge with Carbon Fiber Ring Separating Floating PP Core,Aero Hybrid Plus Shape (Improved),,,,Connected Reflex Technology™,Advanced beginners to pro-level players,"Faster hand speed, enhanced power, spin, large sweet spot, and control",161.50,,3 months,,Premium waterproof cover with hanging clip,true,,,,https://808pickle.com/products/sword-shield-j2hplus,2026-02-03
Honolulu Pickleball Company,,Sword & Shield J2k,J2k,,,,16.2,7.8,5.5,4.125,16,8.0,8.4,113,115,7.05,7.05,100% ARAMID FIBER - DuPont Kevlar® (CONTROL WEAVE),Premium Polypropylene,Thermocompression forming with perimeter balanced design,Aero Hybrid Plus Shape (improved),,,,Connected Reflex Technology™,Average beginners to pro-level players,"Faster hand speed, enhanced power, spin, large sweet spot, and control",155.00,,6 months,"Red, Blue",Premium waterproof cover with hanging clip,true,,,,https://808pickle.com/products/sword-shield-j2k,2026-02-03
Honolulu Pickleball Company,,Sword & Shield J2k 14MM,J2k 14MM,,,,16.2,7.8,5.5,4.125,14,7.9,8.3,110,114,6.6,7.0,100% ARAMID FIBER - DuPont Kevlar®,Premium polypropylene,Thermocompression forming with perimeter balanced design,Aero Hybrid Plus Shape (Improved),,,,Connected Reflex Technology™,Average beginners to pro-level players,"Faster hand speed, enhanced power, spin control, and large sweet spot",155.00,,6 months,"Red, Blue",Premium waterproof cover with hanging clip,true,,,,https://808pickle.com/products/sword-shield-j2k-copy,2026-02-03
Honolulu Pickleball Company,,Sword & Shield J2k PRO,J2k PRO,,,,16.2,7.8,5.5,4.125,16,7.9,8.2,113,115,7.05,7.05,100% ARAMID FIBER - DuPont Kevlar® (POWER WEAVE),Premium polypropylene,Thermocompression forming with perimeter balanced design,Aero Hybrid Plus Shape,,,,Connected Reflex Technology™,Advanced beginners to pro-level players,"Faster hand speed, ultimate power, more pop, spin, large sweet spot, and control",165.00,,6 months,,Premium waterproof cover with hanging clip,true,,,,https://808pickle.com/products/sword-shield-j2k-pro-pre-order,2026-02-03
Honolulu Pickleball Company,,Sword & Shield J2k PRO 14MM,J2k PRO 14MM,,,,16.2,7.8,5.5,4.125,14,7.9,8.2,110,114,6.6,7.0,100% ARAMID FIBER - DuPont Kevlar® (POWER WEAVE),Premium polypropylene,Thermocompression forming with perimeter-balanced design,Aero Hybrid Plus Shape,,,,Connected Reflex Technology™,Advanced beginners to pro-level players,"Faster hand speed, ultimate power, more pop, spin, large sweet spot and control",165.00,,6 months,,Premium waterproof cover with hanging clip,true,,,,https://808pickle.com/products/sword-shield-j2k-pro-copy,2026-02-03
Honolulu Pickleball Company,,Sword & Shield J2k+,J2k+,,,,16.2,7.8,5.5,4.125,16,8.0,8.4,113,118,7.1,7.3,100% ARAMID FIBER - DuPont Kevlar® (CONTROL WEAVE),Premium Polypropylene,Thermocompression forming - perimeter balanced dual foam edge with carbon fiber ring separating floating PP core,Aero Hybrid Plus Shape (Improved),,,,Connected Reflex Technology™,Advanced beginners to pro-level players,"Faster hand speed, enhanced power, spin, large sweet spot, and control",161.50,,3 months,"Red, Blue",Premium waterproof cover with hanging clip,true,,,,https://808pickle.com/products/sword-shield-j2k-1,2026-02-03
Honolulu Pickleball Company,,Sword & Shield J2NF,J2NF,,Gen 4.5,,16.2,7.8,5.5,4.125,16,8.0,8.3,110,114,7.0,7.0,CFC - CARBON FIBER,EPP core interlaced with EVA PERIMETER FOAM,Multi-density all foam,Aero Hybrid Plus Shape,,,,Connected Reflex Technology™,Advanced beginners to pro-level players,"Faster hand speed, enhanced power, spin, large sweet spot, and control",195.00,,12 months,,Premium waterproof cover with hanging clip,true,0.434,,,https://808pickle.com/products/sword-shield-j2fc-beta-pre-order-copy,2026-02-03
Honolulu Pickleball Company,,Sword & Shield J2NFK,J2NFK,,Gen 4.5,,16.2,7.8,5.5,4.125,16,8.0,8.3,110,114,7.0,7.0,100% ARAMID FIBER - DuPont Kevlar® (Control Weave),EPP core interlaced with EVA PERIMETER FOAM,Thermocompression forming with perimeter-balanced design,Aero Hybrid Plus Shape (Improved),,,,Connected Reflex Technology™,Advanced beginners to pro-level players,"Enhanced power, spin, large sweet spot, and control with faster hand speed",185.25,,12 months,"Red, Blue",Premium waterproof cover with hanging clip,true,0.42,,,https://808pickle.com/products/sword-shield-j2nfk-pre-order,2026-02-03
Honolulu Pickleball Company,,Sword & Shield J2NFT,J2NFT,,,,16.2,7.8,5.5,4.125,16,8.0,8.3,110,114,7.0,7.0,Carbon fiber and PET electroplated fiber (titanium),Multi-density foam with EVA perimeter foam,Multi-density foam construction,Aero Hybrid Plus Shape (Improved),,,,Connected Reflex Technology™,Advanced beginners to pro-level players,"Faster hand speed, enhanced power, spin, large sweet spot, and control",185.25,,12 months,,Premium waterproof cover with hanging clip,true,0.41,,,https://808pickle.com/products/sword-shield-j2nft-pre-order,2026-02-03
Honolulu Pickleball Company,,Sword & Shield J2TI,J2TI,,,,16.2,7.8,5.5,4.125,16,8.0,8.4,111,115,7.0,7.0,Carbon fiber and PET electroplated fiber (titanium),Premium polypropylene,Thermocompression forming - perimeter balanced,Aero hybrid plus shape,,,,Connected Reflex Technology™,Average beginners to pro-level players,Most control and largest sweet spot with power and hand speed,155.00,,6 months,"Blue, Gold",Premium waterproof cover with hanging clip,true,,,,https://808pickle.com/products/sword-shield-j2ti,2026-02-03
Honolulu Pickleball Company,,Sword & Shield J2TI+,J2TI+,,,,16.2,7.8,5.5,4.125,16,8.0,8.4,113,117,7.1,7.3,Carbon fiber and PET electroplated fiber,Premium polypropylene,Thermocompression forming - perimeter balanced dual foam edge with carbon fiber ring,Aero hybrid plus shape,,,,Connected Reflex Technology™,Advanced beginners to pro-level players,"Power combined with control, hand speed, spin, and sweet spot",161.50,,3 months,,Premium waterproof cover with hanging clip,true,,,,https://808pickle.com/products/sword-shield-j2ti-copy,2026-02-03
Honolulu Pickleball Company,,Sword & Shield J3,J3,,,,16.0,8.0,6.0,4.125,16,7.9,8.3,109,117,7.1,7.25,PREMIUM JAPANESE RAW T700 TORAY CARBON FIBER,Premium polypropylene,THERMOCOMPOSITION FORMING - PERIMETER BALANCED,Aero square shape,,,,Connected Reflex Technology™,Beginners to pro-level players,"For players who are looking for more control, enhanced power, spin, and faster hand speed",145.00,,6 months,"Gray, White, Black",Premium waterproof cover with hanging clip,true,,,,https://808pickle.com/products/sword-shield-j3,2026-02-03
Honolulu Pickleball Company,,Sword & Shield J3k,J3k,,,,16.0,8.0,6.0,4.125,16,7.9,8.4,113,118,7.2,7.35,100% ARAMID FIBER - DuPont Kevlar® (CONTROL WEAVE),Premium polypropylene,Thermocompression forming with perimeter balanced design,Aero standard square,,,,Connected Reflex Technology™,Beginners to pro-level players,"Faster hand speed, enhanced power, spin, large sweet spot, and control",155.00,,6 months,"Red, Blue",Premium waterproof cover with hanging clip,true,,,,https://808pickle.com/products/sword-shield-j3k-pre-order,2026-02-03
Honolulu Pickleball Company,,Sword & Shield J3k PRO,J3k PRO,,,,16.0,8.0,6.0,4.125,16,7.9,8.3,110,116,7.15,7.25,100% ARAMID FIBER - DuPont Kevlar® (POWER WEAVE),Premium Polypropylene,Thermocompression Forming - Perimeter Balanced,Aero Standard Square,,,,Connected Reflex Technology™,Advance beginners to pro-level players,"Faster hand speed, enhanced pop-power, spin, large sweet spot, and control",165.00,,6 months,,Premium waterproof cover with hanging clip,true,,,,https://808pickle.com/products/sword-shield-j3k-pro-pre-order,2026-02-03
Honolulu Pickleball Company,,Sword & Shield J3NF,J3NF,,,,16.0,8.0,6.0,4.125,16,7.9,8.3,108,113,6.8,7.1,"CFC - CARBON FIBER, FIBERGLASS, CARBON FIBER SURFACE",EPP core interlaced with EVA PERIMETER FOAM,Thermocompression forming with perimeter balancing,Aero square shape,,,,Connected Reflex Technology™,Beginners to pro-level players,"Faster hand speed, enhanced power, spin, large sweet spot, and control",185.25,,12 months,Black,Premium waterproof cover with hanging clip,true,,,,https://808pickle.com/products/sword-shield-j3nf-pre-order,2026-02-03
Honolulu Pickleball Company,,Sword & Shield J5,J5,,,,17.0,7.0,5.75,4.125,16,7.9,8.6,124,128,5.92,6.14,PROPRIETARY RAW COMPOSITE MATERIAL (EXTRA POWER AND POP),PREMIUM POLYPROPYLENE,THERMOCOMPRESSION FORMING - PERIMETER BALANCED,Super Elongated,,,,Dynamic PowerFlex Technology™,Aggressive advance beginners to pro level players,"For players seeking extra reach, power, spin, and control",165.00,,6 months,"Gray, White, Black",Premium waterproof cover with hanging clip,true,,,2023-09-09,https://808pickle.com/products/sword-shield-j5,2026-02-03
Honolulu Pickleball Company,,Sword & Shield J7k,J7k,,,,16.6,7.4,6.0,4.125,16,8.0,8.4,118,123,6.2,6.7,100% ARAMID FIBER - DuPont Kevlar®,Premium polypropylene,"Thermocompression forming, perimeter balanced",Aero elongated,,,,Connected Reflex Technology™,Average beginners to pro-level players,"Controllable power, spin, large sweet spot, and control",155.00,,6 months,"Red, Blue",Premium waterproof cover with hanging clip,true,,,,https://808pickle.com/products/copy-of-sword-shield-j7k-pre-order,2026-02-03
Honolulu Pickleball Company,,Sword & Shield J7k PRO,J7k PRO,,,,16.6,7.4,6.0,4.125,16,7.9,8.3,116,121,6.2,6.6,100% ARAMID FIBER - DuPont Kevlar®,Premium Polypropylene,Thermocompression Forming - Perimeter Balanced,Aero Elongated,,,,Connected Reflex Technology™,Advanced beginners to pro-level players,"Enhanced power, pop, spin and control",165.00,,6 months,,Premium waterproof cover with hanging clip,true,,,,https://808pickle.com/products/sword-shield-j7k-pro-pre-order,2026-02-03
Honolulu Pickleball Company,,Sword & Shield J7NF,J7NF,,,,16.6,7.4,6.0,4.125,16,7.9,8.3,113,118,5.9,6.3,"CFC - Carbon fiber, fiberglass, carbon fiber",EPP core interlaced with EVA perimeter foam,"Thermocompression forming, perimeter balanced",Aero elongated shape,,,,Connected Reflex Technology™,Advanced beginners to pro-level players,"More power, pop, spin, large sweet spot, and control",185.25,,12 months,,Premium waterproof cover with hanging clip,true,,,,https://808pickle.com/products/sword-shield-j7nf-pre-order,2026-02-03
JOOLA,,JOOLA Agassi Champion 12mm,Agassi Champion 12,,Agassi,,16.5,7.5,5.5,4.125,12,7.6,8.0,,,,,Sandblasted Fiberglass,Polypropylene Honeycomb,"Standard construction, Edge-Shield Protection",Elongated Extended Sweet Spot (Agassi shape),,,,"CAS (Sandblasted), Agassi Shape, NFC Chip",Beginner to Intermediate,"Entry-level, tennis-inspired, easy power",59.95,,6 months,Black/Red,,True,,,2025-03-04,https://joola.com/products/agassi-champion-12mm-pickleball-paddle,2026-02-06
JOOLA,,JOOLA Agassi Edge 16mm,Agassi Edge 16,,Agassi,,16.5,7.5,5.5,4.25,16,7.6,8.0,,,,,Textured Carbon Fiber,Polypropylene Honeycomb with SK Film,"Thermoformed, SK Film bonding layer",Elongated Extended Sweet Spot (Agassi shape),,,,"SK Film, Agassi Shape, NFC Chip",Intermediate to Advanced,"Tennis-inspired, extended sweet spot, power and touch",99.95,,12 months,Black/Red,,True,,,2025-03-04,https://joola.com/products/agassi-edge-16mm-pickleball-paddle,2026-02-06
JOOLA,,JOOLA Agassi Edge Heat Vision 16mm,Agassi Heat Vision 16,,Agassi,,16.5,7.5,5.5,4.25,16,7.6,8.0,,,,,Textured Carbon Fiber,Thermoformed Polypropylene Honeycomb with SK Film,"Thermoformed, SK Film bonding layer",Elongated Extended Sweet Spot (Agassi shape),,,,"SK Film, Agassi Shape, NFC Chip",Intermediate to Advanced,"All-court versatility, smoother feel, less vibration",99.95,,12 months,Heat Vision colorway,,True,,,2025-06,https://joola.com/products/agassi-edge-heat-vision-16mm-pickleball-paddle,2026-02-06
JOOLA,,JOOLA Agassi Pro IV 14mm,Agassi Pro IV 14,,Gen 4 (Pro IV),,16.5,7.5,5.5,4.25,14,7.7,8.1,,,,,Textured Carbon Fiber,Polypropylene Honeycomb (Propulsion Core + TechFlex Power),"Thermoformed unibody, Carbon Framed, HyperFoam Edge Wall, Carbon Forged Handle",Elongated Extended Sweet Spot (Agassi shape),,,,"TechFlex Power (TFP), Propulsion Core, HyperFoam Edge Wall",Professional,"Extended sweet spot, tennis-inspired, power and forgiveness",279.95,,12 months,Black/Red,Paddle cover,True,,,2025-03-04,https://joola.com/products/joola-agassi-pro-iv-14mm-pickleball-paddle,2026-02-06
JOOLA,,JOOLA Agassi Pro IV 16mm,Agassi Pro IV 16,,Gen 4 (Pro IV),,16.5,7.5,5.5,4.25,16,7.9,8.3,,,,,Textured Carbon Fiber,Polypropylene Honeycomb (Propulsion Core + TechFlex Power),"Thermoformed unibody, Carbon Framed, HyperFoam Edge Wall, Carbon Forged Handle",Elongated Extended Sweet Spot (Agassi shape),,,,"TechFlex Power (TFP), Propulsion Core, HyperFoam Edge Wall",Professional,"Extended sweet spot, tennis-inspired, control",279.95,,12 months,Black/Red,Paddle cover,True,,,2025-03-04,https://joola.com/products/joola-agassi-pro-iv-16mm-pickleball-paddle,2026-02-06
JOOLA,,JOOLA Anna Bright Scorpeus 3S 14mm,AB Scorpeus 3S 14,,Gen 3 (3S),,16.0,8.0,5.25,4.125,14,7.6,8.0,,,,,Carbon Friction Surface (Charged Carbon),Polypropylene Honeycomb (Propulsion Core),"Thermoformed unibody, Carbon Framed, HyperFoam Edge Wall, Carbon Forged Handle",Wide Standard (Scorpeus shape),,,,"Propulsion Core, Charged Carbon Surface, HyperFoam Edge Wall",Professional,"Power drives, wide sweet spot",259.95,,12 months,Black,,False,,,2024-09,https://joola.com/products/joola-anna-bright-scorpeus-3s-14mm-pickleball-paddle,2026-02-06
JOOLA,,JOOLA Anna Bright Scorpeus CFS 14mm,AB Scorpeus C2 14,,Gen 2 (C2),,16.0,8.0,5.25,4.125,14,7.6,8.0,,,,,Carbon Friction Surface (CFS) with Charged Carbon,"Reactive Honeycomb Polymer, HyperFoam Edge Wall","Thermoformed, Carbon Framed, HyperFoam Edge Wall",Wide Standard (Scorpeus shape),,,,"Charged Carbon Surface, Reactive Core, HyperFoam Edge Wall",Professional,"Power drives, wide sweet spot, aggressive",249.95,,12 months,Black,,True,,,2024-01,https://joola.com/products/anna-bright-scorpeus-cfs-14-pickleball-paddle,2026-02-06
JOOLA,,JOOLA Anna Bright Scorpeus Pro IV 14mm,AB Scorpeus Pro IV 14,,Gen 4 (Pro IV),,16.0,8.0,5.25,4.25,14,7.7,8.1,,,,,Textured Carbon Fiber,Polypropylene Honeycomb (Propulsion Core + TechFlex Power),"Thermoformed unibody, Carbon Framed, HyperFoam Edge Wall, Carbon Forged Handle",Wide Standard (Scorpeus shape),,,,"TechFlex Power (TFP), Propulsion Core, HyperFoam Edge Wall",Professional,"Power drives, wide sweet spot, aggressive play",279.95,,12 months,Black/Red,Paddle cover,True,,,2025-04-01,https://joola.com/products/joola-anna-bright-scorpeus-pro-iv-14mm-pickleball-paddle,2026-02-06
JOOLA,,JOOLA Ben Johns Hyperion 3S 14mm,Hyperion 3S 14,,Gen 3 (3S),,16.5,7.5,5.5,4.125,14,7.6,8.0,,,,,Carbon Friction Surface (Charged Carbon),Polypropylene Honeycomb (Propulsion Core),"Thermoformed unibody, Carbon Framed, Aero-Curve, HyperFoam Edge Wall, Carbon Forged Handle",Elongated Aero-Curve (Hyperion shape),,,,"Propulsion Core, Charged Carbon Surface, Aero-Curve, HyperFoam Edge Wall",Professional,"Aerodynamic swing speed, power",259.95,,12 months,Black,,False,,,2024-09,https://joola.com/products/joola-ben-johns-hyperion-3s-14mm-pickleball-paddle,2026-02-06
JOOLA,,JOOLA Ben Johns Hyperion C2 CFS 14mm,Hyperion C2 14,,Gen 2 (C2),,16.5,7.5,5.5,4.125,14,7.8,8.2,,,,,Carbon Friction Surface (CFS) with Charged Carbon,"Reactive Honeycomb Polymer, HyperFoam Edge Wall","Thermoformed, Carbon Framed, HyperFoam Edge Wall, Carbon Forged Handle",Elongated Aero-Curve (Hyperion shape),,,,"Charged Carbon Surface, Reactive Core, Aero-Curve, HyperFoam Edge Wall",Professional,"Power, spin, aerodynamic swing speed",249.95,,12 months,Black/Gray,,True,,,2024-01,https://joola.com/products/ben-johns-hyperion-c2-cfs-14-pickleball-paddle,2026-02-06
JOOLA,,JOOLA Ben Johns Hyperion C2 CFS 16mm,Hyperion C2 16,,Gen 2 (C2),,16.5,7.5,5.5,4.125,16,7.8,8.2,,,,,Carbon Friction Surface (CFS) with Charged Carbon,"Reactive Honeycomb Polymer, HyperFoam Edge Wall","Thermoformed, Carbon Framed, HyperFoam Edge Wall, Carbon Forged Handle",Elongated Aero-Curve (Hyperion shape),,,,"Charged Carbon Surface, Reactive Core, Aero-Curve, HyperFoam Edge Wall",Professional,"Control, vibration dampening, aerodynamic",249.95,,12 months,Black/Gray,,True,,,2024-01,https://joola.com/products/ben-johns-hyperion-c2-cfs-16-pickleball-paddle,2026-02-06
JOOLA,,JOOLA Ben Johns Hyperion CFS 14mm,Hyperion CFS 14,,Gen 1,,16.5,7.5,5.5,4.25,14,8.0,8.4,,,,,Carbon Friction Surface (CFS),"Reactive Honeycomb Polymer, HyperFoam Edge Wall","HyperFoam Edge Wall, Carbon Forged Handle",Elongated Aero-Curve (Hyperion shape),,,,"Reactive Core, CFS, Aero-Curve, HyperFoam Edge Wall, Carbon Forged Handle",Professional,"Power-focused, aggressive drives",219.95,,6 months,Black/Blue,,True,,,2022-10,https://joola.com/products/ben-johns-hyperion-cfs-14mm-pickleball-paddle,2026-02-06
JOOLA,,JOOLA Ben Johns Hyperion CFS 16mm,Hyperion CFS 16,,Gen 1,,16.5,7.5,5.5,4.25,16,8.2,8.6,,,,,Carbon Friction Surface (CFS),"Reactive Honeycomb Polymer, HyperFoam Edge Wall","HyperFoam Edge Wall, Carbon Forged Handle",Elongated Aero-Curve (Hyperion shape),,,,"Reactive Core, CFS, Aero-Curve, HyperFoam Edge Wall, Carbon Forged Handle",Professional,"Power, head-heavy, all-court aggression",219.95,,6 months,Black/Blue,,True,,,2022-10,https://joola.com/products/ben-johns-hyperion-cfs-16mm-pickleball-paddle,2026-02-06
JOOLA,,JOOLA Ben Johns Hyperion CFS 16mm Swift,Hyperion CFS 16 Swift,,Gen 1,,16.5,7.5,5.5,4.25,16,7.7,8.1,,,,,Carbon Friction Surface (CFS),"Reactive Honeycomb Polymer, HyperFoam Edge Wall (Swift lightweight)","HyperFoam Edge Wall, Carbon Forged Handle, Swift technology",Elongated Aero-Curve (Hyperion shape),,,,"Reactive Core, CFS, Aero-Curve, Swift, HyperFoam Edge Wall",Professional,"Lightweight, faster swings, maneuverability",219.95,,6 months,Black/Blue,,True,,,2023-01-01,https://joola.com/products/ben-johns-hyperion-cfs-16mm-swift-pickleball-paddle,2026-02-06
JOOLA,,JOOLA Ben Johns Hyperion Pro IV 14mm,Hyperion Pro IV 14,,Gen 4 (Pro IV),,16.5,7.5,5.5,4.25,14,7.7,8.1,,,,,Textured Carbon Fiber,Polypropylene Honeycomb (Propulsion Core + TechFlex Power),"Thermoformed unibody, Carbon Framed, Aero-Curve, HyperFoam Edge Wall, Carbon Forged Handle",Elongated Aero-Curve (Hyperion shape),,,,"TechFlex Power (TFP), Propulsion Core, Aero-Curve, HyperFoam Edge Wall",Professional,"Aerodynamic swing speed, all-court versatility",279.95,,12 months,Black/Red,Paddle cover,True,,,2025-04-01,https://joola.com/products/joola-ben-johns-hyperion-pro-iv-14mm-pickleball-paddle,2026-02-06
JOOLA,,JOOLA Ben Johns Hyperion Pro IV 16mm,Hyperion Pro IV 16,,Gen 4 (Pro IV),,16.5,7.5,5.5,4.25,16,7.9,8.3,,,,,Textured Carbon Fiber,Polypropylene Honeycomb (Propulsion Core + TechFlex Power),"Thermoformed unibody, Carbon Framed, Aero-Curve, HyperFoam Edge Wall, Carbon Forged Handle",Elongated Aero-Curve (Hyperion shape),,,,"TechFlex Power (TFP), Propulsion Core, Aero-Curve, HyperFoam Edge Wall",Professional,"Aerodynamic control, plush feel",279.95,,12 months,Black/Red,Paddle cover,True,,,2025-04-01,https://joola.com/products/joola-ben-johns-hyperion-pro-iv-16mm-pickleball-paddle,2026-02-06
JOOLA,,JOOLA Ben Johns Perseus 3S 14mm,Perseus 3S 14,,Gen 3 (3S),,16.5,7.5,5.5,4.125,14,7.6,8.0,,,,,Carbon Friction Surface (Charged Carbon),Polypropylene Honeycomb (Propulsion Core),"Thermoformed unibody, Carbon Framed, HyperFoam Edge Wall, Carbon Forged Handle",Elongated (Perseus shape),,,,"Propulsion Core, Charged Carbon Surface, HyperFoam Edge Wall",Professional,"Power and pop, elongated reach",259.95,,12 months,Black,,False,,,2024-09,https://joola.com/products/joola-ben-johns-perseus-3s-14mm-pickleball-paddle,2026-02-06
JOOLA,,JOOLA Ben Johns Perseus 3S 16mm,Perseus 3S 16,,Gen 3 (3S),,16.5,7.5,5.5,4.125,16,7.8,8.2,,,,,Carbon Friction Surface (Charged Carbon),Polypropylene Honeycomb (Propulsion Core),"Thermoformed unibody, Carbon Framed, HyperFoam Edge Wall, Carbon Forged Handle",Elongated (Perseus shape),,,,"Propulsion Core, Charged Carbon Surface, HyperFoam Edge Wall",Professional,"Control and feel, elongated reach",259.95,,12 months,Black,,False,,,2024-09,https://joola.com/products/joola-ben-johns-perseus-3s-16mm-pickleball-paddle,2026-02-06
JOOLA,,JOOLA Ben Johns Perseus Pro IV 14mm,Perseus Pro IV 14,,Gen 4 (Pro IV),,16.5,7.5,5.5,4.25,14,7.7,8.1,,,,,Textured Carbon Fiber,Polypropylene Honeycomb (Propulsion Core + TechFlex Power),"Thermoformed unibody, Carbon Framed, HyperFoam Edge Wall, Carbon Forged Handle",Elongated (Perseus shape),,,,"TechFlex Power (TFP), Propulsion Core, HyperFoam Edge Wall",Professional,"All-court power and control, elongated reach",279.95,,12 months,Black/Red,Paddle cover,True,,,2025-03-04,https://joola.com/products/joola-ben-johns-perseus-pro-iv-14mm-pickleball-paddle,2026-02-06
JOOLA,,JOOLA Ben Johns Perseus Pro IV 16mm,Perseus Pro IV 16,,Gen 4 (Pro IV),,16.5,7.5,5.5,4.25,16,7.9,8.3,,,,,Textured Carbon Fiber,Polypropylene Honeycomb (Propulsion Core + TechFlex Power),"Thermoformed unibody, Carbon Framed, HyperFoam Edge Wall, Carbon Forged Handle",Elongated (Perseus shape),,,,"TechFlex Power (TFP), Propulsion Core, HyperFoam Edge Wall",Professional,"All-court control, plush feel, elongated reach",279.95,,12 months,"Black/Red, Pink",Paddle cover,True,,,2025-03-04,https://joola.com/products/joola-ben-johns-perseus-pro-iv-16mm-pickleball-paddle,2026-02-06
JOOLA,,JOOLA Collin Johns Scorpeus 3S 16mm,CJ Scorpeus 3S 16,,Gen 3 (3S),,16.0,8.0,5.25,4.25,16,7.8,8.2,,,,,Carbon Friction Surface (Charged Carbon),Polypropylene Honeycomb (Propulsion Core),"Thermoformed unibody, Carbon Framed, HyperFoam Edge Wall, Carbon Forged Handle",Wide Standard (Scorpeus shape),,,,"Propulsion Core, Charged Carbon Surface, HyperFoam Edge Wall",Professional,"Defensive control, wide sweet spot",259.95,,12 months,Black,,False,,,2024-09,https://joola.com/products/joola-collin-johns-scorpeus-3s-16mm-pickleball-paddle,2026-02-06
JOOLA,,JOOLA Collin Johns Scorpeus CFS 16mm,CJ Scorpeus C2 16,,Gen 2 (C2),,16.0,8.0,5.25,4.25,16,7.8,8.2,,,,,Carbon Friction Surface (CFS) with Charged Carbon,"Reactive Honeycomb Polymer, HyperFoam Edge Wall","Thermoformed, Carbon Framed, HyperFoam Edge Wall",Wide Standard (Scorpeus shape),,,,"Charged Carbon Surface, Reactive Core, HyperFoam Edge Wall",Professional,"Defensive control, maneuverability, fast hands",249.95,,12 months,Black,,True,,,2024-01,https://joola.com/products/collin-johns-scorpeus-cfs-16-pickleball-paddle,2026-02-06
JOOLA,,JOOLA Collin Johns Scorpeus Pro IV 16mm,CJ Scorpeus Pro IV 16,,Gen 4 (Pro IV),,16.0,8.0,5.25,4.25,16,8.0,8.4,,,,,Textured Carbon Fiber,Polypropylene Honeycomb (Propulsion Core + TechFlex Power),"Thermoformed unibody, Carbon Framed, HyperFoam Edge Wall, Carbon Forged Handle",Wide Standard (Scorpeus shape),,,,"TechFlex Power (TFP), Propulsion Core, HyperFoam Edge Wall",Professional,"Defensive control, wide sweet spot, fast hands",279.95,,12 months,Black/Red,Paddle cover,True,,,2025-04-01,https://joola.com/products/joola-collin-johns-scorpeus-pro-iv-16mm-pickleball-paddle,2026-02-06
JOOLA,,JOOLA Essentials 12mm,Essentials 12,,Recreation,,15.5,7.9,4.75,4.0,12,8.0,8.4,,,,,Fiberglass (FDS),Response Honeycomb Polymer,"Edge-Shield Protection, Multi-Layer Process",Standard Traditional,,,,"FDS, Response Core",Beginner,"Well-balanced control, power, and spin for developing players",39.95,,6 months,"Blue, Black",,True,,,2022-01-01,https://joola.com/products/essentials-pickleball-paddle,2026-02-06
JOOLA,,JOOLA Graf Champion 12mm,Graf Champion 12,,Agassi,,16.5,7.5,5.5,4.125,12,7.6,8.0,,,,,Sandblasted Fiberglass,Polypropylene Honeycomb,"Standard construction, Edge-Shield Protection",Elongated Extended Sweet Spot (Agassi shape),,,,"CAS (Sandblasted), Agassi Shape, NFC Chip",Beginner to Intermediate,"Entry-level, tennis-inspired, easy power",59.95,,6 months,Black/Gold,,True,,,2025-03-04,https://joola.com/products/graf-champion-12mm-pickleball-paddle,2026-02-06
JOOLA,,JOOLA Graf Edge 16mm,Graf Edge 16,,Agassi,,16.5,7.5,5.5,4.25,16,7.6,8.0,,,,,Textured Carbon Fiber,Polypropylene Honeycomb with SK Film,"Thermoformed, SK Film bonding layer",Elongated Extended Sweet Spot (Agassi shape),,,,"SK Film, Agassi Shape, NFC Chip",Intermediate to Advanced,"Tennis-inspired, extended sweet spot, control",99.95,,12 months,Black/Red,,True,,,2025-03-04,https://joola.com/products/graf-edge-16mm-pickleball-paddle,2026-02-06
JOOLA,,JOOLA Graf Pro IV 16mm,Graf Pro IV 16,,Gen 4 (Pro IV),,16.5,7.5,5.5,4.25,16,7.9,8.3,,,,,Textured Carbon Fiber,Polypropylene Honeycomb (Propulsion Core + TechFlex Power),"Thermoformed unibody, Carbon Framed, HyperFoam Edge Wall, Carbon Forged Handle",Elongated Extended Sweet Spot (Agassi shape),,,,"TechFlex Power (TFP), Propulsion Core, HyperFoam Edge Wall",Professional,"Extended sweet spot, tennis-inspired, control",279.95,,12 months,Black/Red,Paddle cover,True,,,2025-03-04,https://joola.com/products/joola-graf-pro-iv-16mm-pickleball-paddle,2026-02-06
JOOLA,,JOOLA Hyperion 3S Dual 16mm,Hyperion 3S Dual 16,,Gen 3 (3S Dual),,16.5,7.5,5.5,4.25,16,7.9,8.3,,,,,Textured Carbon Fiber,Polypropylene Honeycomb (Propulsion Core),"Thermoformed unibody, Carbon Framed, Aero-Curve, HyperFoam Edge Wall",Elongated Aero-Curve (Hyperion shape),,,,"Propulsion Core, Aero-Curve, HyperFoam Edge Wall",Professional,"Aerodynamic control, plush feel",199.95,,12 months,Black/Green-Blue gradient,,True,,,2025-07,https://joola.com/products/joola-hyperion-3s-dual-16mm-pickleball-paddle,2026-02-06
JOOLA,,JOOLA Journey 10mm,Journey 10,,Recreation,,15.8,7.8,5.0,4.0,10,7.6,8.0,,,,,Fiberglass (FDS),Response Honeycomb Polymer,"Edge-Shield Protection, Multi-Layer Process",Standard Traditional,,,,"FDS, Response Core",Beginner,"Entry-level, lightweight, fun and accessible",34.95,,6 months,Multiple colors/designs,,True,,,2022-01-01,https://joola.com/products/journey-pickleball-paddle,2026-02-06
JOOLA,,JOOLA Magnus 3S Dual 16mm,Magnus 3S Dual 16,,Gen 3 (3S Dual),,16.5,7.5,5.0,4.25,16,8.0,8.4,,,,,Textured Carbon Fiber,Polypropylene Honeycomb (Propulsion Core),"Thermoformed unibody, Carbon Framed, HyperFoam Edge Wall",Elongated Short Handle (Magnus shape),,,,"Propulsion Core, HyperFoam Edge Wall",Professional,"Maximum paddle face, one-handed backhand",199.95,,12 months,Black/gradient,,True,,,2025-07,https://joola.com/products/joola-magnus-3s-dual-16mm-pickleball-paddle,2026-02-06
JOOLA,,JOOLA Method CTS 12mm,Method CTS 12,,Performance,,15.5,8.3,5.5,4.0,12,7.9,8.3,,,,,Carbon Touch Surface (CTS),Response Honeycomb Polymer,Edge-Shield Protection,Standard Wide,,,,"CTS, Response Core",Intermediate,"Maximum control and touch, reduced friction, dink specialist",99.95,,6 months,Black,,True,,,2023-01-01,https://joola.com/products/method-cts-12mm-pickleball-paddle,2026-02-06
JOOLA,,JOOLA Perseus 3S Dual 16mm,Perseus 3S Dual 16,,Gen 3 (3S Dual),,16.5,7.5,5.5,4.25,16,7.9,8.3,,,,,Textured Carbon Fiber,Polypropylene Honeycomb (Propulsion Core),"Thermoformed unibody, Carbon Framed, HyperFoam Edge Wall",Elongated (Perseus shape),,,,"Propulsion Core, HyperFoam Edge Wall",Professional,"All-court control, elongated reach",199.95,,12 months,Black/Purple-Blue gradient,,True,,,2025-07,https://joola.com/products/joola-perseus-3s-dual-16mm-pickleball-paddle,2026-02-06
JOOLA,,JOOLA Radius CGS 14mm,Radius CGS 14,,Gen 1,,15.8,8.2,5.0,4.125,14,7.2,7.6,,,,,Carbon Grip Surface (CGS),Response Honeycomb Polymer,"Aero-Curve, Edge-Shield Protection",Round (table tennis inspired),,,,"CGS, Response Core, Aero-Curve",Professional,"Spin and control, large sweet spot, reset machine",139.95,,6 months,Black,,True,,,2023-01-01,https://joola.com/products/radius-cgs-14mm-pickleball-paddle,2026-02-06
JOOLA,,JOOLA Radius CGS 16mm,Radius CGS 16,,Gen 1,,15.8,8.2,5.0,4.125,16,7.4,7.8,,,,,Carbon Grip Surface (CGS),Response Honeycomb Polymer,"Aero-Curve, Edge-Shield Protection",Round (table tennis inspired),,,,"CGS, Response Core, Aero-Curve",Professional,"Maximum control, touch, large sweet spot",139.95,,6 months,Black,,True,,,2023-01-01,https://joola.com/products/radius-cgs-16mm-pickleball-paddle,2026-02-06
JOOLA,,JOOLA Scorpeus 3S Dual 14mm,Scorpeus 3S Dual 14,,Gen 3 (3S Dual),,16.0,8.0,5.25,4.25,14,7.7,8.1,,,,,Textured Carbon Fiber,Polypropylene Honeycomb (Propulsion Core),"Thermoformed unibody, Carbon Framed, HyperFoam Edge Wall",Wide Standard (Scorpeus shape),,,,"Propulsion Core, HyperFoam Edge Wall",Professional,"Power drives, wide sweet spot",199.95,,12 months,Black/Orange-Yellow gradient,,True,,,2025-07,https://joola.com/products/joola-scorpeus-3s-dual-14mm-pickleball-paddle,2026-02-06
JOOLA,,JOOLA Scorpeus 3S Dual 16mm,Scorpeus 3S Dual 16,,Gen 3 (3S Dual),,16.0,8.0,5.25,4.25,16,7.9,8.3,,,,,Textured Carbon Fiber,Polypropylene Honeycomb (Propulsion Core),"Thermoformed unibody, Carbon Framed, HyperFoam Edge Wall",Wide Standard (Scorpeus shape),,,,"Propulsion Core, HyperFoam Edge Wall",Professional,"Defensive control, wide sweet spot",199.95,,12 months,Black/Orange-Yellow gradient,,True,,,2025-07,https://joola.com/products/joola-scorpeus-3s-dual-16mm-pickleball-paddle,2026-02-06
JOOLA,,JOOLA Seneca CDS 16mm,Seneca CDS 16,,Performance,,16.0,7.9,5.0,4.25,16,7.9,8.3,,,,,Carbon Drive Surface (CDS),Response Honeycomb Polymer,"Edge-Shield Protection, Multi-Layer Process",Standard Traditional,,,,"CDS, Response Core",Intermediate,"Control and touch, precision placement, advancing players",99.95,,6 months,"Blue, Black",,True,,,2023-01-01,https://joola.com/products/seneca-cds-16-pickleball-paddle,2026-02-06
JOOLA,,JOOLA Simone Jardim Hyperion Pro IV 16mm,SJ Hyperion Pro IV 16,,Gen 4 (Pro IV),,16.5,7.5,5.5,4.25,16,7.9,8.3,,,,,Textured Carbon Fiber,Polypropylene Honeycomb (Propulsion Core + TechFlex Power),"Thermoformed unibody, Carbon Framed, Aero-Curve, HyperFoam Edge Wall, Carbon Forged Handle",Elongated Aero-Curve (Hyperion shape),,,,"TechFlex Power (TFP), Propulsion Core, Aero-Curve, HyperFoam Edge Wall",Professional,"Control-oriented, Simone Jardim signature",279.95,,12 months,Black/Red,Paddle cover,True,,,2025-04-01,https://joola.com/products/joola-simone-jardim-hyperion-pro-iv-16mm-pickleball-paddle,2026-02-06
JOOLA,,JOOLA Solaire FAS 13mm,Solaire FAS 13,,Gen 1,,16.0,8.0,5.5,4.125,13,8.0,8.4,,,,,Fiberglass Abrasion Surface (FAS),Response Honeycomb Polymer,"Aero-Curve, Edge-Shield Protection",Standard Aero-Curve,,,,"FAS, Response Core, Aero-Curve",Professional,"Maximum spin, sand-blasted surface, power",149.95,,6 months,Black/Green,,True,,,2023-01-01,https://joola.com/products/solaire-fas-13mm-pickleball-paddle,2026-02-06
JOOLA,,JOOLA Tyson McGuffin Magnus Pro IV 14mm,TM Magnus Pro IV 14,,Gen 4 (Pro IV),,16.5,7.5,5.0,4.25,14,7.8,8.2,,,,,Textured Carbon Fiber,Polypropylene Honeycomb (Propulsion Core + TechFlex Power),"Thermoformed unibody, Carbon Framed, HyperFoam Edge Wall, Carbon Forged Handle",Elongated Short Handle (Magnus shape),,,,"TechFlex Power (TFP), Propulsion Core, HyperFoam Edge Wall",Professional,"Power-focused, one-handed backhand, maximum paddle face",279.95,,12 months,Black/Red,Paddle cover,True,,,2025-04-01,https://joola.com/products/joola-tyson-mcguffin-magnus-pro-iv-14mm-pickleball-paddle,2026-02-06
JOOLA,,JOOLA Tyson McGuffin Magnus Pro IV 16mm,TM Magnus Pro IV 16,,Gen 4 (Pro IV),,16.5,7.5,5.0,4.25,16,8.0,8.4,,,,,Textured Carbon Fiber,Polypropylene Honeycomb (Propulsion Core + TechFlex Power),"Thermoformed unibody, Carbon Framed, HyperFoam Edge Wall, Carbon Forged Handle",Elongated Short Handle (Magnus shape),,,,"TechFlex Power (TFP), Propulsion Core, HyperFoam Edge Wall",Professional,"Control, one-handed backhand, maximum paddle face",279.95,,12 months,Black/Red,Paddle cover,True,,,2025-04-01,https://joola.com/products/joola-tyson-mcguffin-magnus-pro-iv-16mm-pickleball-paddle,2026-02-06
JOOLA,,JOOLA Vision CGS 14mm,Vision CGS 14,,Gen 1,,16.4,7.3,5.5,4.125,14,7.6,8.0,,,,,Carbon Grip Surface (CGS),Response Honeycomb Polymer,"Aero-Curve, Edge-Shield Protection",Elongated Aero-Curve,,,,"CGS, Response Core, Aero-Curve",Professional,"Aggressive spin, expanded hitting area",149.95,,6 months,Black,,True,,,2023-01-01,https://joola.com/products/vision-cgs-14mm-pickleball-paddle,2026-02-06
JOOLA,,JOOLA Vision CGS 16mm,Vision CGS 16,,Gen 1,,16.4,7.3,5.5,4.25,16,7.6,8.0,,,,,Carbon Grip Surface (CGS),Response Honeycomb Polymer,"Aero-Curve, Edge-Shield Protection",Elongated Aero-Curve,,,,"CGS, Response Core, Aero-Curve",Professional,"Control, comfort, reduced vibration",149.95,,6 months,Black,,True,,,2023-01-01,https://joola.com/products/vision-cgs-16mm-pickleball-paddle,2026-02-06
Selkirk,Selkirk,Selkirk AMPED Control - Epic,,AMPED Control,,Epic,15.75,8.0,5.25,4.25,16,7.8,8.4,105,105,6.32,6.32,Fiberglass FiberFlex+,X5 Polypropylene Honeycomb,,Standard,,,,"EdgeSentry, FiberFlex+",Beginner to Pro,Control,100.0,160.0,Limited Lifetime,"Blue, Gray, Green, Purple, Red",,True,,True,2024-07-25,https://www.selkirk.com/products/amped-control-epic,2026-02-03
Selkirk,Selkirk,Selkirk AMPED Control - Invikta,,AMPED Control,,Invikta,16.45,7.45,5.25,4.25,16,7.8,8.4,114,114,5.79,5.79,Fiberglass FiberFlex+,X5 Polypropylene Honeycomb,,Elongated,,,,"EdgeSentry, FiberFlex+",Beginner to Pro,Control,100.0,160.0,Limited Lifetime,"Blue, Gray, Green, Purple, Red",,True,,True,2024-07-23,https://www.selkirk.com/products/amped-control-invikta,2026-02-03
Selkirk,Selkirk,Selkirk AMPED Control - S2,,AMPED Control,,S2,15.75,8.0,4.65,4.25,16,7.9,8.4,102,102,6.51,6.51,Fiberglass FiberFlex+,X5 Polypropylene Honeycomb,,Standard,,,,"EdgeSentry, FiberFlex+",Beginner to Pro,Control,100.0,160.0,Limited Lifetime,"Blue, Gray, Green, Purple, Red",,True,,True,2024-07-23,https://www.selkirk.com/products/amped-control-s2,2026-02-03
Selkirk,Selkirk,Selkirk AMPED Pro Air Epic,,AMPED Pro Air,,Epic,15.75,8.0,5.25,4.25,16,7.8,8.2,111,111,6.57,6.57,FiberFlex+ Fiberglass,X5+ Polypropylene Honeycomb,,Standard,,,,"ProSpin+ NextGen Micro Texture, ProSpin+, FlexFoam Perimeter, ThroatFlex, FiberFlex+",Beginner to Pro,,150.0,180.0,Limited Lifetime,"Atmosphere, Blue, Gray, Green, Holderness, PPA, Pine, Purple, Red, Winter Berry",,True,,True,2024-05-21,https://www.selkirk.com/products/amped-pro-air-epic-pickleball-paddle,2026-02-03
Selkirk,Selkirk,Selkirk AMPED Pro Air Epic Pickleball Paddle - Holderness Collection,,AMPED Pro Air,,Epic,15.75,8.0,5.25,4.25,16,7.8,8.2,111,111,6.57,6.57,FiberFlex+ Fiberglass,X5+ Polypropylene Honeycomb,,Standard,,,,"ProSpin+ NextGen Micro Texture, ProSpin+, FlexFoam Perimeter, ThroatFlex, FiberFlex+",Beginner to Pro,,150.0,180.0,Limited Lifetime,Holderness,,True,,True,2024-07-29,https://www.selkirk.com/products/amped-pro-air-epic-holderness,2026-02-03
Selkirk,Selkirk,Selkirk AMPED Pro Air Invikta,,AMPED Pro Air,,Invikta,16.45,7.45,5.25,4.25,16,7.8,8.2,119,119,5.91,5.91,FiberFlex+ Fiberglass,X5+ Polypropylene Honeycomb,,Elongated,,,,"ProSpin+ NextGen Micro Texture, ProSpin+, FlexFoam Perimeter, ThroatFlex, FiberFlex+",Beginner to Pro,,150.0,180.0,Limited Lifetime,"Atmosphere, Blue, Gray, Green, Holderness, Jack Sock Signature, PPA, Pine, Purple, Red, Winter Berry",,True,,True,2024-05-21,https://www.selkirk.com/products/amped-pro-air-invikta-pickleball-paddle,2026-02-03
Selkirk,Selkirk,Selkirk AMPED Pro Air Invikta Pickleball Paddle - Holderness Family,,AMPED Pro Air,,Invikta,16.45,7.45,5.25,4.25,16,7.8,8.2,119,119,5.91,5.91,FiberFlex+ Fiberglass,X5+ Polypropylene Honeycomb,,Elongated,,,,"ProSpin+ NextGen Micro Texture, ProSpin+, FlexFoam Perimeter, ThroatFlex, FiberFlex+",Beginner to Pro,,150.0,180.0,Limited Lifetime,Holderness,,True,,True,2024-07-29,https://www.selkirk.com/products/amped-pro-air-invikta-holderness,2026-02-03
Selkirk,Selkirk,Selkirk Catherine Parenteau VANGUARD Power Air - Invikta,,VANGUARD Power Air,,Invikta,16.5,7.375,5.25,4.25,13,7.7,8.1,,,,,QuadFlex 4 Layer Hybrid (Fiberglass + Carbon Fiber),SuperCore Polymer Honeycomb,,Elongated,,,,Edgeless DuraEdge,Beginner to Pro,Power,130.0,250.0,Limited Lifetime,,,True,,True,2023-10-10,https://www.selkirk.com/products/vanguard-power-air-invikta-catherine-parenteau-signature-paddle,2026-02-03
Selkirk,Selkirk LABS,Selkirk LABS Project 008 - Epic 13mm,,LABS Project 008,,Epic,16.0,7.8,5.3,4.25,13,7.6,8.0,103.4,103.4,6.11,6.11,T700 Raw Carbon Fiber,PureFoam High-Density Foam,Thermoformed with Foam Wall Construction,Standard,,,,,Beginner to Pro,All-Court,100.0,288.0,Limited Lifetime,,,True,,False,2026-01-12,https://www.selkirk.com/products/selkirk-labs-project-008,2026-02-03
Selkirk,Selkirk LABS,Selkirk LABS Project 008 - Invikta 10mm,,LABS Project 008,,Invikta,16.45,7.45,5.5,4.25,10,7.6,8.0,109,109,5.51,5.51,T700 Raw Carbon Fiber,PureFoam High-Density Foam,Thermoformed with Foam Wall Construction,Elongated,,,,,Beginner to Pro,All-Court,100.0,288.0,Limited Lifetime,,,True,,False,2026-01-12,https://www.selkirk.com/products/selkirk-labs-project-008,2026-02-03
Selkirk,Selkirk LABS,Selkirk LABS Project 008 - Invikta 13mm,,LABS Project 008,,Invikta,16.45,7.45,5.5,4.25,13,7.7,8.1,109,109,5.51,5.51,T700 Raw Carbon Fiber,PureFoam High-Density Foam,Thermoformed with Foam Wall Construction,Elongated,,,,,Beginner to Pro,All-Court,100.0,288.0,Limited Lifetime,,,True,,False,2026-01-12,https://www.selkirk.com/products/selkirk-labs-project-008,2026-02-03
Selkirk,Selkirk LABS,Selkirk LABS Project 008 - Invikta 16mm,,LABS Project 008,,Invikta,16.45,7.45,5.5,4.25,16,7.9,8.3,109,109,5.51,5.51,T700 Raw Carbon Fiber,PureFoam High-Density Foam,Thermoformed with Foam Wall Construction,Elongated,,,,,Beginner to Pro,All-Court,100.0,288.0,Limited Lifetime,,,True,,False,2026-01-12,https://www.selkirk.com/products/selkirk-labs-project-008,2026-02-03
Selkirk,Selkirk LABS,Selkirk LABS Project 008 - Maxima 16mm,,LABS Project 008,,Maxima,15.975,8.0,5.7,4.25,16,7.9,8.3,111,111,6.51,6.51,T700 Raw Carbon Fiber,PureFoam High-Density Foam,Thermoformed with Foam Wall Construction,Standard,,,,,Beginner to Pro,All-Court,100.0,288.0,Limited Lifetime,,,True,,False,2026-01-12,https://www.selkirk.com/products/selkirk-labs-project-008,2026-02-03
Selkirk,Selkirk LABS,Selkirk LABS Project 008 - Tour 13mm,,LABS Project 008,,Tour,16.45,7.5,6.0,4.25,13,7.7,8.1,110.2,110.2,5.38,5.38,T700 Raw Carbon Fiber,PureFoam High-Density Foam,Thermoformed with Foam Wall Construction,Elongated,,,,,Beginner to Pro,All-Court,100.0,288.0,Limited Lifetime,,,True,,False,2026-01-12,https://www.selkirk.com/products/selkirk-labs-project-008,2026-02-03
Selkirk,Selkirk LABS,Selkirk LABS Project 008 - Tour 16mm,,LABS Project 008,,Tour,16.45,7.5,6.0,4.25,16,7.9,8.3,110.2,110.2,5.38,5.38,T700 Raw Carbon Fiber,PureFoam High-Density Foam,Thermoformed with Foam Wall Construction,Elongated,,,,,Beginner to Pro,All-Court,100.0,288.0,Limited Lifetime,,,True,,False,2026-01-12,https://www.selkirk.com/products/selkirk-labs-project-008,2026-02-03
Selkirk,Selkirk LABS,Selkirk LABS Project Boomstik - Elongated,,LABS Project Boomstik,,Elongated,16.5,7.45,5.8,4.25,16,8.0,8.3,118.0,118.0,7.2,7.2,Multistrata T700 Carbon (3 layers),PureFoam High-Density Foam,,Elongated,,,,MOI Tuning System,Beginner to Pro,All-Court,333.0,,Limited Lifetime,"Black, Jack Sock Signature, Regal, Summit",,True,,True,2025-07-31,https://www.selkirk.com/products/selkirk-labs-project-boomstik,2026-02-03
Selkirk,Selkirk LABS,Selkirk LABS Project Boomstik - Widebody,,LABS Project Boomstik,,Widebody,16.5,7.45,5.8,4.25,16,8.0,8.3,118.0,118.0,7.2,7.2,Multistrata T700 Carbon (3 layers),PureFoam High-Density Foam,,Wide Standard,,,,MOI Tuning System,Beginner to Pro,All-Court,333.0,,Limited Lifetime,"Black, Jack Sock Signature, Regal, Summit",,True,,True,2025-07-31,https://www.selkirk.com/products/selkirk-labs-project-boomstik,2026-02-03
Selkirk,Selkirk LABS,Selkirk LABS Project Boomstik Raw Carbon - Elongated,,LABS Project Boomstik Raw Carbon,,Elongated,16.5,7.45,5.8,4.25,16,8.0,8.4,112.0,112.0,8.2,8.2,Multistrata T700 Carbon (3 layers),PureFoam High-Density Foam,,Elongated,,,,"MOI Tuning System, Raw Spin Technology",Beginner to Pro,All-Court,280.0,,Limited Lifetime,"Black, Regal, Summit",,True,,False,2026-01-20,https://www.selkirk.com/products/boomstik-rc,2026-02-03
Selkirk,Selkirk LABS,Selkirk LABS Project Boomstik Raw Carbon - Widebody,,LABS Project Boomstik Raw Carbon,,Widebody,15.95,8.0,5.6,4.25,16,8.1,8.4,112.0,112.0,8.2,8.2,Multistrata T700 Carbon (3 layers),PureFoam High-Density Foam,,Wide Standard,,,,"MOI Tuning System, Raw Spin Technology",Beginner to Pro,All-Court,280.0,,Limited Lifetime,"Black, Regal, Summit",,True,,False,2026-01-20,https://www.selkirk.com/products/boomstik-rc,2026-02-03
Selkirk,Selkirk,Selkirk VANGUARD Control - Epic,,VANGUARD Control,,Epic,16.0,7.8,5.3,4.25,16,7.7,8.1,110,110,6.21,6.21,Raw QuadCarbon Fiber,X5+ Polypropylene Honeycomb,Non-thermoformed,Standard,,,,"EdgeSentry, QuadCarbon Fiber",Beginner to Pro,Control,150.0,200.0,Limited Lifetime,,,True,,False,2024-02-27,https://www.selkirk.com/products/vanguard-control-epic,2026-02-03
Selkirk,Selkirk,Selkirk VANGUARD Control - Invikta,,VANGUARD Control,,Invikta,16.45,7.44,5.5,4.25,16,7.7,8.1,114,114,5.88,5.88,Raw QuadCarbon Fiber,X5+ Polypropylene Honeycomb,Non-thermoformed,Elongated,,,,"EdgeSentry, QuadCarbon Fiber",Beginner to Pro,Control,150.0,200.0,Limited Lifetime,,,True,,False,2024-02-27,https://www.selkirk.com/products/vanguard-control-invikta,2026-02-03
Selkirk,Selkirk,Selkirk VANGUARD Power Air - Epic,,VANGUARD Power Air,,Epic,15.75,8.0,5.25,4.25,13,7.7,8.1,,,,,QuadFlex 4 Layer Hybrid (Fiberglass + Carbon Fiber),SuperCore Polymer Honeycomb,,Standard,,,,"ProSpin+ NextGen Micro Texture, ProSpin+, FlexFoam Perimeter, ThroatFlex, Edgeless DuraEdge, QuadFlex 4 Layer Hybrid, Open Throat, SuperCore",Beginner to Pro,Power,130.0,250.0,Limited Lifetime,"Black, Prestige, Red, Selkirk Red, Shadow Gray",,True,,True,2022-08-15,https://www.selkirk.com/products/vanguard-air-epic,2026-02-03
Selkirk,Selkirk,Selkirk VANGUARD Power Air - Invikta,,VANGUARD Power Air,,Invikta,16.5,7.375,5.25,4.25,13,7.7,8.1,,,,,QuadFlex 4 Layer Hybrid (Fiberglass + Carbon Fiber),SuperCore Polymer Honeycomb,,Elongated,,,,"ProSpin+ NextGen Micro Texture, ProSpin+, FlexFoam Perimeter, ThroatFlex, Edgeless DuraEdge, QuadFlex 4 Layer Hybrid, Open Throat, SuperCore",Beginner to Pro,Power,130.0,250.0,Limited Lifetime,"Catherine, Selkirk Red, Shadow Gray",,True,,True,2023-10-20,https://www.selkirk.com/products/vanguard-air-invikta,2026-02-03
Selkirk,Selkirk,Selkirk VANGUARD Power Air - S2,,VANGUARD Power Air,,S2,15.75,8.0,4.375,4.25,13,7.7,8.1,,,,,QuadFlex 4 Layer Hybrid (Fiberglass + Carbon Fiber),SuperCore Polymer Honeycomb,,Standard,,,,"ProSpin+ NextGen Micro Texture, ProSpin+, FlexFoam Perimeter, ThroatFlex, Edgeless DuraEdge, QuadFlex 4 Layer Hybrid, Open Throat, SuperCore",Beginner to Pro,Power,130.0,250.0,Limited Lifetime,"Black, Prestige, Red, Selkirk Red, Shadow Gray",,True,,True,2022-08-15,https://www.selkirk.com/products/vanguard-air-s2,2026-02-03
Selkirk,Selkirk,Selkirk VANGUARD Pro Epic,,VANGUARD Pro,,Epic,16.0,7.8,5.3,4.25,16,7.8,8.2,108,108,6.11,6.11,4 Layer 12K Raw Carbon Fiber,X5+ Polypropylene Honeycomb,Thermoformed,Standard,,,,EdgeSentry,Beginner to Pro,All-Court,120.0,230.0,Limited Lifetime,Charcoal,,True,,True,2024-09-24,https://www.selkirk.com/products/vanguard-pro-epic,2026-02-03
Selkirk,Selkirk,Selkirk VANGUARD Pro Invikta,,VANGUARD Pro,,Invikta,16.45,7.44,5.5,4.25,16,7.8,8.2,113,113,5.65,5.65,4 Layer 12K Raw Carbon Fiber,X5+ Polypropylene Honeycomb,Thermoformed,Elongated,,,,EdgeSentry,Beginner to Pro,All-Court,120.0,230.0,Limited Lifetime,Charcoal,,True,,True,2024-09-24,https://www.selkirk.com/products/vanguard-pro-invikta,2026-02-03
Selkirk,SLK by Selkirk,SLK Atlas Max Pickleball Paddle,,SLK Atlas,,Max,16.0,7.85,4.85,4.25,16,7.6,8.1,,,,,Premium Carbon Fiber,Rev-Control Polymer Honeycomb,,Hybrid,Raw Spin Technology,SLK Ultra-Comfort,Edgesentry,"Raw Spin Technology, EdgeSentry",Beginner to Pro,,80.0,,Limited Lifetime,"Ember, Oasis",,True,,True,2024-08-20,https://www.selkirk.com/products/slk-atlas-max,2026-02-03
Selkirk,SLK by Selkirk,SLK Atlas XL Pickleball Paddle,,SLK Atlas,,XL,16.4,7.4,5.75,4.25,16,7.6,8.1,,,,,Premium Carbon Fiber,Rev-Control Polymer Honeycomb,,Elongated,Raw Spin Technology,SLK Ultra-Comfort,Edgesentry,"Raw Spin Technology, EdgeSentry",Beginner to Pro,,80.0,,Limited Lifetime,"Ember, Oasis",,True,,True,2024-08-20,https://www.selkirk.com/products/slk-atlas-xl,2026-02-03
Selkirk,SLK by Selkirk,SLK by Selkirk x Dude Perfect Trickshot,,Dude Perfect Trickshot,,Max,15.7,7.85,4.85,4.25,13,7.7,8.2,,,,,G4 FiberFlex,SX4 Polymer Core,,Hybrid,,,,SpinFlex,Beginner to Pro,,60.0,,Limited Lifetime,,,True,,True,2023-11-21,https://www.selkirk.com/products/dude-perfect-trickshot-paddle,2026-02-03
Selkirk,SLK by Selkirk,SLK EVO Control Max Pickleball Paddle,,SLK Evo Control,,Max,16.0,7.85,4.85,4.25,16,7.6,8.1,,,,,T700 CarbonFusion Carbon Fiber,Rev-Core Polymer Honeycomb,Thermoformed,Hybrid,SpinFlex+,SLK Comfort Contour Grip,Edgesentry,"SpinFlex+, EdgeSentry, T700 CarbonFusion",Beginner to Pro,Control,80.0,100.0,Limited Lifetime,"Citron, Magenta Mirage, Oasis",,True,,True,2024-08-20,https://www.selkirk.com/products/slk-evo-control-max,2026-02-03
Selkirk,SLK by Selkirk,SLK EVO Control XL Pickleball Paddle,,SLK Evo Control,,XL,16.4,7.4,5.75,4.25,16,7.6,8.1,,,,,T700 CarbonFusion Carbon Fiber,Rev-Core Polymer Honeycomb,Thermoformed,Elongated,SpinFlex+,SLK Comfort Contour Grip,Edgesentry,"SpinFlex+, EdgeSentry, T700 CarbonFusion",Beginner to Pro,Control,80.0,100.0,Limited Lifetime,"Citron, Magenta Mirage, Oasis",,True,,True,2024-08-20,https://www.selkirk.com/products/slk-evo-control-xl,2026-02-03
Selkirk,SLK by Selkirk,SLK EVO Power Max Pickleball Paddle,,SLK Evo Power,,Max,16.0,7.85,4.85,4.25,13,7.8,8.2,,,,,T700 CarbonFusion Carbon Fiber,Rev-Core Polymer Honeycomb,Thermoformed,Hybrid,SpinFlex+,SLK Comfort Contour Grip,Edgesentry,"SpinFlex+, EdgeSentry, T700 CarbonFusion",Beginner to Pro,Power,80.0,100.0,Limited Lifetime,"Citron, Magenta Mirage, Oasis",,True,,False,2024-08-20,https://www.selkirk.com/products/slk-evo-power-max,2026-02-03
Selkirk,SLK by Selkirk,SLK EVO XL Power Pickleball Paddle,,SLK Evo Power,,XL,16.4,7.4,5.75,4.25,13,7.8,8.2,,,,,T700 CarbonFusion Carbon Fiber,Rev-Core Polymer Honeycomb,Thermoformed,Elongated,SpinFlex+,SLK Comfort Contour Grip,Edgesentry,"SpinFlex+, EdgeSentry, T700 CarbonFusion",Beginner to Pro,Power,80.0,100.0,Limited Lifetime,"Citron, Magenta Mirage, Oasis",,True,,False,2024-08-20,https://www.selkirk.com/products/slk-evo-power-xl,2026-02-03
Selkirk,SLK by Selkirk,SLK HALO Control Max Pickleball Paddle,,SLK Halo Control,,Max,16.0,7.85,4.85,4.25,16,7.7,8.0,,,,,18k UltraWeave Carbon Fiber,Rev-Control Polymer Honeycomb,,Hybrid,Raw Spin Technology,SLK Ultra-Comfort Grip,EdgeSentry,"Raw Spin Technology, EdgeSentry",Beginner to Pro,Control,100.0,150.0,Limited Lifetime,"Blue, Pink, Storm Gray, Volt Green",,True,,True,2024-08-20,https://www.selkirk.com/products/slk-halo-control-max,2026-02-03
Selkirk,SLK by Selkirk,SLK HALO Control XL Pickleball Paddle,,SLK Halo Control,,XL,16.4,7.4,5.75,4.25,16,7.7,8.0,,,,,18k UltraWeave Carbon Fiber,Rev-Control Polymer Honeycomb,,Elongated,Raw Spin Technology,SLK Ultra-Comfort Grip,EdgeSentry,"Raw Spin Technology, EdgeSentry",Beginner to Pro,Control,100.0,150.0,Limited Lifetime,"Blue, Pink, Storm Gray, Volt Green",,True,,True,2024-08-20,https://www.selkirk.com/products/slk-halo-control-xl,2026-02-03
Selkirk,SLK by Selkirk,SLK HALO Power Max Pickleball Paddle,,SLK Halo Power,,Max,16.0,7.85,4.85,4.25,13,7.7,8.0,,,,,T700 CarbonFusion Carbon Fiber,Rev-Core Polymer Honeycomb,Thermoformed,Hybrid,Raw Spin Technology,SLK Ultra-Comfort Grip,EdgeSentry Edgeguard,"Raw Spin Technology, FlexFoam Perimeter, EdgeSentry, T700 CarbonFusion",Beginner to Pro,Power,100.0,150.0,Limited Lifetime,"Blue, Pink, Storm Gray, Volt Green",,True,,True,2024-08-20,https://www.selkirk.com/products/slk-halo-power-max,2026-02-03
Selkirk,SLK by Selkirk,SLK HALO Power XL Pickleball Paddle,,SLK Halo Power,,XL,16.4,7.4,5.75,4.25,13,7.7,8.0,,,,,T700 CarbonFusion Carbon Fiber,Rev-Core Polymer Honeycomb,Thermoformed,Elongated,Raw Spin Technology,SLK Ultra-Comfort Grip,EdgeSentry Edgeguard,"Raw Spin Technology, FlexFoam Perimeter, EdgeSentry, T700 CarbonFusion",Beginner to Pro,Power,100.0,150.0,Limited Lifetime,"Blue, Pink, Storm Gray, Volt Green",,True,,True,2024-08-20,https://www.selkirk.com/products/slk-halo-power-xl,2026-02-03
Selkirk,SLK by Selkirk,SLK HALO Pro Max Pickleball Paddle,,SLK Halo Pro,,Max,16.0,7.85,4.85,4.25,14,7.7,8.2,,,,,Carbon Fiber Kevlar LinkWeave,Rev-Core+ Polymer Honeycomb,Thermoformed,Hybrid,,SLK Ultra-Comfort Grip,,"FlexFoam Perimeter, EdgeSentry, Carbon Fiber Kevlar LinkWeave",Beginner to Pro,All-Court,100.0,150.0,Limited Lifetime,"Blue, Red",,True,,True,2024-08-20,https://www.selkirk.com/products/slk-halo-pro-max,2026-02-03
Selkirk,SLK by Selkirk,SLK HALO Pro XL Pickleball Paddle,,SLK Halo Pro,,XL,16.4,7.4,5.75,4.25,14,7.7,8.2,,,,,Carbon Fiber Kevlar LinkWeave,Rev-Core+ Polymer Honeycomb,Thermoformed,Elongated,,SLK Ultra-Comfort Grip,,"FlexFoam Perimeter, EdgeSentry, Carbon Fiber Kevlar LinkWeave",Beginner to Pro,All-Court,100.0,150.0,Limited Lifetime,"Blue, Red",,True,,True,2024-08-20,https://www.selkirk.com/products/slk-halo-pro-xl,2026-02-03
Selkirk,SLK by Selkirk,SLK Helix Pro,,SLK Helix Pro,,Max,16.0,7.9,5.25,4.25,13,7.5,8.0,,,,,Carbon Fiber + Fiberglass Hybrid,Polymer Honeycomb,Thermoformed,Hybrid,,,,['Thermoformed'],Intermediate to Advanced,All-Court,80.0,,Limited Lifetime,"Camo Glitch, Camo Hex, GoldMaze, Jeweled, Legend Gray, Legend Olive, Patriot, Spectra",,True,,True,2024-09-23,https://www.selkirk.com/products/slk-helix-pro,2026-02-03
Selkirk,SLK by Selkirk,SLK Latitude Pickleball Paddle,,SLK Latitude,,Max,16.0,7.85,4.85,4.25,13,7.6,8.0,,,,,Graphi-Flex Graphite,SX4 Polymer Honeycomb,,Hybrid,SpinFlex+,SLK Comfort Contour,Edgesentry,"SpinFlex+, EdgeSentry",Beginner to Pro,,70.0,,Limited Lifetime,"Citron, Electric Sunset, Oasis",,True,,True,2024-08-20,https://www.selkirk.com/products/slk-latitude,2026-02-03
Selkirk,SLK by Selkirk,SLK Nexus Pickleball Paddle,,SLK Nexus,,Max,16.0,7.85,4.85,4.25,13,7.8,8.2,,,,,G4 FiberFlex,SX4 Polymer Honeycomb,,Hybrid,Spinflex,SLK Comfort Contour,Edgesentry,"SpinFlex, EdgeSentry",Beginner to Pro,,50.0,,Limited Lifetime,"Citron, Ember, Oasis",,True,,True,2024-08-20,https://www.selkirk.com/products/slk-nexus-max,2026-02-03
Selkirk,SLK by Selkirk,SLK Omega Hybrid Max Pickleball Paddle,,SLK Omega Hybrid Air,,Max,16.0,7.85,4.85,4.25,16,7.7,8.1,,,,,12k UltraWeave Carbon Fiber,Rev-Control Polymer Honeycomb,with Foam Wall Construction,Hybrid,ProSpin+,SLK Comfort Contour Grip,Edgeless DuraEdge,"ProSpin+, Edgeless DuraEdge, Open Throat",Beginner to Pro,,90.0,120.0,Limited Lifetime,"Ember, Oasis",,True,,True,2024-08-20,https://www.selkirk.com/products/slk-omega-hybrid-air-max,2026-02-03
Selkirk,SLK by Selkirk,SLK Omega Hybrid XL Pickleball Paddle,,SLK Omega Hybrid Air,,XL,16.4,7.4,5.75,4.25,16,7.7,8.1,,,,,12k UltraWeave Carbon Fiber,Rev-Control Polymer Honeycomb,with Foam Wall Construction,Elongated,ProSpin+,SLK Comfort Contour Grip,Edgeless DuraEdge,"ProSpin+, Edgeless DuraEdge, Open Throat",Beginner to Pro,,90.0,120.0,Limited Lifetime,"Ember, Oasis",,True,,True,2024-08-20,https://www.selkirk.com/products/slk-omega-hybrid-air-xl,2026-02-03
